INC_STATE_SK,CATEGORY_SK,INCIDENT_NUMBER,COMPANY_SK,SUBCATEGORY_SK,OPENED_BY_SK,RESOLVE_BY_SK,RESOLVED_BY_GROUP_SK,SUPPORT_FUNCTION_SK,CONTACT_TYPE_SK,PRIORITY_SK,MAJOR_INCIDENT,RESOLVED_FIRST_CONTACT,REASSIGNMENT_COUNT,SUPPORTABLE,ESCALATION,SYSTEM_MOD_COUNT,UPON_APPROVAL,UPON_REJECT,RESOLVED_AT_DTTM,CLOSED_AT_DTTM,INC_URGENCY_SK,INC_IMPACT_SK,INC_ESCALATION_SK,REWORK_COUNT,IMPACT,CREATED_DTTM,Year,Month
6,24,INC50148954,"266,226,194",121,"6,313,447,475","6,313,447,475","103,974,889","569,276,714",6,3,0,1,0,1,0,11,proceed,cancel,2024-11-04 16:02:39.000,2024-11-08 07:22:56.000,3,3,1,0,2,2024-11-04 15:40:54,2024,11
8,24,INC50184727,"266,226,194",121,"7,002,289,134","7,002,289,134","103,974,889","615,495,922",6,3,0,1,0,1,0,4,proceed,cancel,2024-11-08 19:58:49.000,,3,3,1,0,2,2024-11-08 19:41:36,2024,11
8,24,INC50180615,"266,226,194",121,"6,313,447,475","7,002,289,134","103,974,889","569,295,949",6,3,0,1,2,0,0,17,proceed,cancel,2024-11-08 13:29:55.000,,3,3,1,0,2,2024-11-08 12:27:44,2024,11
2,24,INC50186665,"166,126,616",121,"6,343,571,534","-99,999","-99,999","575,972,787",6,3,0,0,1,0,0,2,proceed,cancel,,,3,3,1,0,2,2024-11-09 03:54:16,2024,11
8,31,INC50181934,"266,226,194",16,"6,313,447,475","6,867,816,743","103,830,082","569,273,157",4,3,0,1,1,0,0,10,proceed,cancel,2024-11-08 20:04:49.000,,3,3,1,0,2,2024-11-08 14:59:08,2024,11
8,24,INC50183674,"266,226,194",121,"6,264,845,105","6,264,845,105","103,974,889","569,254,229",6,3,0,1,0,1,0,3,proceed,cancel,2024-11-08 17:45:26.000,,3,3,1,0,2,2024-11-08 17:39:48,2024,11
8,25,INC50181382,"266,226,194",63,"3,790,156,078","5,793,903,899","103,974,889","626,218,840",10,3,0,1,0,1,0,5,proceed,cancel,2024-11-08 14:35:03.000,,3,3,1,0,2,2024-11-08 14:10:41,2024,11
8,24,INC50158273,"166,126,616",121,"6,942,513,593","5,802,727,114","52,728,393","575,972,787",10,3,0,0,1,0,0,8,proceed,cancel,2024-11-09 02:06:31.000,,3,3,1,0,2,2024-11-05 16:42:03,2024,11
8,24,INC50157259,"166,126,616",121,"6,989,009,654","5,796,265,319","52,728,393","636,809,565",10,5,0,0,1,0,0,7,proceed,cancel,2024-11-05 22:58:47.000,,3,3,1,0,2,2024-11-05 15:24:38,2024,11
8,24,INC50159056,"266,226,194",121,"6,817,329,706","6,817,329,706","103,830,082","569,285,183",7,3,0,0,1,1,0,6,proceed,cancel,2024-11-05 17:46:41.000,,3,3,1,0,2,2024-11-05 17:44:16,2024,11
8,31,INC50156211,"266,226,194",16,"6,817,331,932","6,817,331,932","103,830,084","569,327,093",2,3,0,1,1,1,0,5,proceed,cancel,2024-11-05 13:59:17.000,,3,3,1,0,2,2024-11-05 13:58:38,2024,11
8,31,INC50155672,"166,126,616",122,"6,172,295,149","6,059,124,548","79,181,792","576,164,409",10,3,0,0,1,0,0,5,proceed,cancel,2024-11-06 22:07:52.000,,3,3,1,0,2,2024-11-05 12:56:54,2024,11
8,31,INC50158621,"166,126,616",16,"5,703,040,921","6,877,023,618","104,119,807","215,183,888",10,3,0,0,1,0,0,5,proceed,cancel,2024-11-08 21:52:59.000,,3,3,1,0,2,2024-11-05 17:11:25,2024,11
8,24,INC50155819,"166,126,616",121,"3,141,987,178","3,141,987,178","52,729,432","561,183,411",6,3,0,1,0,0,0,3,proceed,cancel,2024-11-05 13:48:09.000,,3,3,1,0,2,2024-11-05 13:15:29,2024,11
8,24,INC50155673,"266,226,194",121,"6,313,447,475","6,867,816,819","103,830,082","569,276,714",6,3,0,0,1,1,0,14,proceed,cancel,2024-11-05 17:34:26.000,,3,3,1,0,2,2024-11-05 12:57:06,2024,11
8,24,INC50159730,"266,226,194",121,"6,247,695,725","6,247,695,725","103,974,889","615,542,626",6,3,0,1,0,1,0,3,proceed,cancel,2024-11-05 19:09:06.000,,3,3,1,0,2,2024-11-05 18:53:16,2024,11
8,24,INC50157845,"266,226,194",121,"6,867,816,743","6,867,816,743","103,830,082","569,246,966",2,3,0,1,1,1,0,6,proceed,cancel,2024-11-05 16:17:00.000,,3,3,1,0,2,2024-11-05 16:15:39,2024,11
8,24,INC50156995,"266,226,194",121,"6,313,447,475","6,867,816,819","103,830,082","569,296,391",6,3,0,1,1,1,0,12,proceed,cancel,2024-11-05 18:02:59.000,,3,3,1,0,2,2024-11-05 15:01:34,2024,11
2,24,INC50156514,"166,126,616",121,"5,788,661,775","-99,999","-99,999","215,167,115",10,5,0,0,1,0,0,8,proceed,cancel,,,3,3,1,0,2,2024-11-05 14:21:35,2024,11
8,31,INC50157633,"166,126,616",122,"5,703,038,782","6,016,140,447","104,119,807","414,111,943",10,3,0,0,2,0,0,5,proceed,cancel,2024-11-07 15:28:25.000,,3,3,1,0,2,2024-11-05 15:57:07,2024,11
8,24,INC50160257,"266,226,194",121,"6,313,447,475","6,313,447,475","103,974,889","569,450,566",6,3,0,1,0,1,0,6,proceed,cancel,2024-11-05 19:44:18.000,,3,3,1,0,2,2024-11-05 19:31:40,2024,11
8,31,INC50160695,"266,226,194",52,"6,867,816,819","6,867,816,819","103,830,082","569,308,126",7,3,0,1,1,1,0,8,proceed,cancel,2024-11-07 13:13:29.000,,3,3,1,0,2,2024-11-05 20:13:51,2024,11
6,24,INC50160920,"266,226,194",121,"6,817,328,779","6,817,328,779","103,830,082","615,542,626",7,3,0,0,1,1,0,8,proceed,cancel,2024-11-05 20:41:49.000,2024-11-05 20:41:55.000,3,3,1,0,2,2024-11-05 20:40:34,2024,11
9,31,INC50161497,"166,126,616",52,"5,703,041,008","-99,999","-99,999","576,002,590",10,3,0,0,1,0,0,5,proceed,cancel,,,3,3,1,0,2,2024-11-05 21:54:29,2024,11
8,31,INC50158916,"266,226,194",122,"3,790,156,078","6,247,695,725","103,974,889","569,288,150",10,3,0,1,0,1,0,19,proceed,cancel,2024-11-07 21:14:33.000,,3,3,1,0,2,2024-11-05 17:36:40,2024,11
8,31,INC50161513,"266,226,194",16,"6,817,331,932","6,817,331,932","103,830,084","569,327,093",2,3,0,1,1,1,0,4,proceed,cancel,2024-11-05 21:57:42.000,,3,3,1,0,2,2024-11-05 21:57:03,2024,11
8,31,INC50160484,"166,126,616",122,"7,000,177,231","5,703,040,455","52,728,392","215,157,250",10,3,0,0,1,1,0,5,proceed,cancel,2024-11-05 20:44:19.000,,3,3,1,0,2,2024-11-05 19:52:30,2024,11
8,24,INC50157045,"166,126,616",121,"6,816,701,351","6,816,701,351","52,729,432","215,063,806",6,3,0,1,0,0,0,2,proceed,cancel,2024-11-05 15:09:03.000,,3,3,1,0,2,2024-11-05 15:06:09,2024,11
8,24,INC50158144,"266,226,194",121,"6,264,845,105","6,264,845,105","103,974,889","569,288,150",6,3,0,0,0,1,0,4,proceed,cancel,2024-11-06 11:59:43.000,,3,3,1,0,2,2024-11-05 16:33:34,2024,11
8,31,INC50166028,"266,226,194",49,"6,867,816,819","6,867,816,819","103,830,082","569,354,337",7,3,0,1,1,1,0,5,proceed,cancel,2024-11-07 15:20:25.000,,3,3,1,0,2,2024-11-06 14:32:51,2024,11
6,31,INC50168650,"266,226,194",122,"6,817,330,813","6,817,330,813","103,974,889","-99,999",4,3,0,0,0,0,0,2,proceed,cancel,2024-11-06 18:24:33.000,2024-11-06 18:24:33.000,3,3,1,0,2,2024-11-06 18:20:47,2024,11
8,24,INC50165357,"266,226,194",121,"6,264,845,105","6,264,845,105","103,974,889","600,433,692",6,3,0,1,0,0,0,3,proceed,cancel,2024-11-06 13:41:06.000,,3,3,1,0,2,2024-11-06 13:27:29,2024,11
8,24,INC50171141,"266,226,194",121,"5,802,967,307","5,802,967,307","103,974,889","615,542,626",6,3,0,1,0,1,0,3,proceed,cancel,2024-11-07 02:16:09.000,,3,3,1,0,2,2024-11-07 00:52:54,2024,11
2,24,INC50166852,"166,126,616",121,"5,703,040,230","-99,999","-99,999","572,633,435",10,3,0,0,1,1,0,5,proceed,cancel,,,3,3,1,0,2,2024-11-06 15:41:29,2024,11
4,31,INC50170768,"166,126,616",122,"6,165,023,930","-99,999","-99,999","-99,999",10,3,0,0,1,0,0,5,proceed,cancel,,,3,3,1,0,2,2024-11-06 22:56:35,2024,11
8,24,INC50158156,"266,226,194",51,"6,313,447,475","6,313,447,475","103,974,889","569,480,995",6,3,0,1,0,1,0,21,proceed,cancel,2024-11-07 15:32:21.000,,3,3,1,0,2,2024-11-05 16:34:17,2024,11
8,31,INC50158707,"266,226,194",122,"6,867,816,819","6,867,816,819","103,830,082","569,354,765",7,3,0,1,1,0,0,5,proceed,cancel,2024-11-06 19:10:33.000,,3,3,1,0,2,2024-11-05 17:19:08,2024,11
8,24,INC50158978,"266,226,194",51,"6,817,329,706","6,817,329,706","103,830,082","569,316,741",7,3,0,0,1,1,0,5,proceed,cancel,2024-11-05 17:41:11.000,,3,3,1,0,2,2024-11-05 17:40:04,2024,11
8,24,INC50158567,"166,126,616",121,"4,536,264,761","4,536,264,761","52,729,432","571,456,192",6,3,0,1,0,0,0,2,proceed,cancel,2024-11-05 17:23:03.000,,3,3,1,0,2,2024-11-05 17:06:52,2024,11
8,31,INC50161684,"166,126,616",52,"6,942,094,096","6,770,881,793","52,728,392","572,618,155",10,3,0,0,1,1,0,7,proceed,cancel,2024-11-08 16:46:09.000,,3,3,1,0,2,2024-11-05 22:28:13,2024,11
8,31,INC50159081,"166,126,616",16,"6,493,980,232","6,770,881,793","52,728,392","571,419,514",6,3,0,0,1,0,0,11,proceed,cancel,2024-11-05 18:41:53.000,,3,3,1,0,2,2024-11-05 17:45:56,2024,11
8,31,INC50159066,"266,226,194",122,"6,867,816,819","6,867,816,819","103,830,082","569,354,765",7,3,0,1,1,0,0,5,proceed,cancel,2024-11-06 19:10:57.000,,3,3,1,0,2,2024-11-05 17:44:43,2024,11
2,31,INC50159570,"166,126,616",122,"5,703,037,892","-99,999","-99,999","414,111,943",10,3,0,0,2,0,0,6,proceed,cancel,,,3,3,1,0,2,2024-11-05 18:37:04,2024,11
8,31,INC50155514,"166,126,616",122,"5,936,352,761","6,877,023,618","104,119,807","414,111,943",10,3,0,0,2,0,0,6,proceed,cancel,2024-11-06 21:55:53.000,,3,3,1,0,2,2024-11-05 12:31:58,2024,11
8,31,INC50157100,"266,226,194",122,"6,867,816,819","6,867,816,819","103,830,082","569,354,765",7,3,0,1,1,0,0,5,proceed,cancel,2024-11-06 19:10:14.000,,3,3,1,0,2,2024-11-05 15:10:17,2024,11
8,24,INC50159437,"166,126,616",121,"3,141,987,178","3,141,987,178","52,729,432","561,183,411",6,3,0,1,0,0,0,3,proceed,cancel,2024-11-05 18:28:59.000,,3,3,1,0,2,2024-11-05 18:24:17,2024,11
8,24,INC50161098,"166,126,616",121,"3,141,987,178","5,796,265,319","52,728,393","571,419,514",2,3,0,0,1,0,0,9,proceed,cancel,2024-11-05 22:59:36.000,,2,3,1,0,2,2024-11-05 20:57:25,2024,11
8,24,INC50158504,"266,226,194",121,"6,247,695,725","6,867,816,743","103,830,082","569,285,183",6,3,0,1,1,1,0,13,proceed,cancel,2024-11-05 19:01:38.000,,3,3,1,0,2,2024-11-05 17:00:28,2024,11
8,31,INC50159614,"266,226,194",16,"6,817,331,932","6,817,331,932","103,830,084","569,327,093",2,3,0,1,1,1,0,4,proceed,cancel,2024-11-05 18:42:52.000,,3,3,1,0,2,2024-11-05 18:42:18,2024,11
8,24,INC50160586,"266,226,194",51,"6,247,695,725","6,867,816,819","103,830,082","569,411,669",6,3,0,1,1,1,0,22,proceed,cancel,2024-11-08 15:27:29.000,,3,3,1,0,2,2024-11-05 20:02:17,2024,11
8,31,INC50161854,"166,126,616",122,"6,942,513,665","5,796,265,319","52,728,393","575,972,787",10,3,0,0,1,0,0,6,proceed,cancel,2024-11-06 01:43:50.000,,3,3,1,0,2,2024-11-05 22:57:02,2024,11
8,31,INC50159583,"166,126,616",122,"6,353,770,205","6,059,124,548","79,181,792","576,164,409",10,3,0,0,1,0,0,5,proceed,cancel,2024-11-06 22:25:45.000,,3,3,1,0,2,2024-11-05 18:38:33,2024,11
8,24,INC50161017,"266,226,194",51,"6,905,353,538","6,905,353,538","103,974,889","569,324,130",6,3,0,1,0,1,0,7,proceed,cancel,2024-11-05 21:01:13.000,,3,3,1,0,2,2024-11-05 20:49:24,2024,11
3,31,INC50170554,"166,126,616",52,"6,942,094,103","-99,999","-99,999","592,882,629",10,3,0,0,1,0,0,6,proceed,cancel,,,3,3,1,0,2,2024-11-06 22:13:02,2024,11
8,31,INC50168978,"266,226,194",122,"6,867,816,819","6,867,816,819","103,830,082","569,354,765",7,3,0,1,1,0,0,6,proceed,cancel,2024-11-07 18:21:55.000,,3,3,1,0,2,2024-11-06 18:55:47,2024,11
6,24,INC50146508,"266,226,194",121,"6,737,115,314","6,737,115,314","103,974,889","615,495,922",6,3,0,1,0,1,0,9,proceed,cancel,2024-11-04 12:13:55.000,2024-11-08 07:22:50.000,3,3,1,0,2,2024-11-04 12:06:00,2024,11
8,24,INC50146832,"266,226,194",121,"6,313,447,475","6,975,303,858","103,830,082","569,435,129",6,3,0,1,1,1,0,12,proceed,cancel,2024-11-07 16:07:01.000,,3,3,1,0,2,2024-11-04 13:00:08,2024,11
6,31,INC50150397,"266,226,194",122,"3,790,156,078","6,247,695,725","103,974,889","569,288,150",10,3,0,1,0,1,0,8,proceed,cancel,2024-11-04 20:43:07.000,2024-11-08 07:22:58.000,3,3,1,0,2,2024-11-04 17:36:18,2024,11
6,24,INC50154270,"266,226,194",121,"5,802,967,307","5,802,967,307","103,974,889","615,542,626",6,3,0,1,0,1,0,5,proceed,cancel,2024-11-05 04:38:40.000,2024-11-08 07:23:07.000,3,3,1,0,2,2024-11-05 02:30:41,2024,11
6,24,INC50149302,"266,226,194",121,"6,247,695,725","6,867,816,819","103,830,082","569,309,093",6,3,0,1,1,1,0,16,proceed,cancel,2024-11-04 20:07:45.000,2024-11-08 07:22:56.000,3,3,1,0,2,2024-11-04 16:07:59,2024,11
6,31,INC50151196,"266,226,194",52,"6,867,816,819","6,867,816,819","103,830,082","569,339,535",7,3,0,1,1,1,0,9,proceed,cancel,2024-11-04 20:30:38.000,2024-11-08 07:23:02.000,3,3,1,0,2,2024-11-04 18:46:08,2024,11
8,24,INC50149578,"266,226,194",121,"3,790,156,078","6,313,447,475","103,974,889","600,433,692",10,3,0,1,0,0,0,10,proceed,cancel,2024-11-05 11:48:41.000,,3,3,1,0,2,2024-11-04 16:26:45,2024,11
8,24,INC50167284,"266,226,194",121,"6,817,329,706","6,817,329,706","103,830,082","569,296,216",2,3,0,0,1,1,0,10,proceed,cancel,2024-11-08 17:23:54.000,,3,3,1,0,2,2024-11-06 16:18:40,2024,11
6,31,INC50150674,"266,226,194",16,"6,817,331,932","6,817,331,932","103,830,084","569,327,093",10,3,0,1,1,1,0,8,proceed,cancel,2024-11-04 18:03:54.000,2024-11-08 07:23:00.000,3,3,1,0,2,2024-11-04 18:03:21,2024,11
6,25,INC50153148,"266,226,194",63,"5,802,967,307","5,802,967,307","103,974,889","569,311,731",6,3,0,1,0,1,0,5,proceed,cancel,2024-11-04 21:54:49.000,2024-11-08 07:23:05.000,3,3,1,0,2,2024-11-04 21:41:54,2024,11
8,24,INC50171166,"266,226,194",121,"5,802,967,307","5,802,967,307","103,974,889","569,469,943",6,3,0,1,0,1,0,3,proceed,cancel,2024-11-07 02:45:22.000,,3,3,1,0,2,2024-11-07 01:05:59,2024,11
4,31,INC50169705,"266,226,194",122,"3,790,156,078","-99,999","-99,999","569,272,812",4,3,0,0,1,1,0,28,proceed,cancel,,,3,3,1,1,2,2024-11-06 20:13:01,2024,11
4,24,INC50166769,"166,126,616",121,"5,703,040,230","-99,999","-99,999","572,563,904",10,3,0,0,0,0,0,7,proceed,cancel,,,3,3,1,0,2,2024-11-06 15:33:58,2024,11
8,24,INC50170925,"266,226,194",121,"3,790,156,078","5,802,967,307","103,974,889","569,309,097",10,3,0,1,2,0,0,11,proceed,cancel,2024-11-08 22:44:18.000,,3,3,1,0,2,2024-11-06 23:40:45,2024,11
6,24,INC50151606,"266,226,194",121,"6,817,329,706","6,817,329,706","103,830,082","569,350,282",7,3,0,0,1,1,0,9,proceed,cancel,2024-11-04 19:22:55.000,2024-11-08 07:23:03.000,3,3,1,0,2,2024-11-04 19:21:45,2024,11
6,25,INC50152115,"266,226,194",63,"3,790,156,078","5,793,903,899","103,974,889","626,218,840",10,3,0,1,0,1,0,7,proceed,cancel,2024-11-04 20:10:23.000,2024-11-08 07:23:04.000,3,3,1,0,2,2024-11-04 20:02:44,2024,11
6,25,INC50145964,"266,226,194",63,"3,790,156,078","5,793,903,899","103,974,889","569,311,731",10,3,0,1,0,1,0,8,proceed,cancel,2024-11-04 12:04:10.000,2024-11-08 07:22:49.000,3,3,1,0,2,2024-11-04 06:58:28,2024,11
6,24,INC50151037,"266,226,194",121,"6,264,845,105","6,975,303,858","103,830,082","569,300,917",6,3,0,1,1,1,0,13,proceed,cancel,2024-11-04 19:45:07.000,2024-11-08 07:23:01.000,3,3,1,0,2,2024-11-04 18:32:46,2024,11
8,31,INC50151297,"166,126,616",122,"6,942,513,613","5,796,265,319","52,728,393","575,972,787",10,3,0,0,1,0,0,9,proceed,cancel,2024-11-07 17:42:10.000,,3,3,1,0,2,2024-11-04 18:55:58,2024,11
6,24,INC50153208,"266,226,194",121,"6,905,353,538","6,905,353,538","103,974,889","615,495,922",6,3,0,1,0,1,0,8,proceed,cancel,2024-11-04 22:09:44.000,2024-11-08 07:23:06.000,3,3,1,0,2,2024-11-04 21:51:34,2024,11
6,24,INC50146457,"266,226,194",121,"6,737,115,314","6,737,115,314","103,974,889","615,635,761",6,3,0,1,0,1,0,8,proceed,cancel,2024-11-04 11:51:05.000,2024-11-08 07:22:49.000,3,3,1,1,2,2024-11-04 11:46:24,2024,11
6,24,INC50154371,"266,226,194",121,"5,802,967,307","5,802,967,307","103,974,889","627,899,114",6,3,0,1,0,1,0,5,proceed,cancel,2024-11-05 04:36:14.000,2024-11-08 07:23:07.000,3,3,1,0,2,2024-11-05 03:43:02,2024,11
8,24,INC50153976,"166,126,616",121,"5,759,423,830","5,759,423,830","52,729,432","215,070,509",6,3,0,1,0,1,0,2,proceed,cancel,2024-11-05 00:42:16.000,,3,3,1,0,2,2024-11-05 00:30:26,2024,11
8,24,INC50149058,"266,226,194",121,"3,790,156,078","6,817,329,706","103,830,082","640,494,710",10,3,0,0,1,1,0,26,proceed,cancel,2024-11-06 15:58:18.000,,3,3,1,0,2,2024-11-04 15:48:54,2024,11
6,24,INC50146648,"266,226,194",121,"6,264,845,105","6,264,845,105","103,974,889","615,682,432",6,3,0,1,0,1,0,7,proceed,cancel,2024-11-04 12:42:12.000,2024-11-08 07:22:51.000,3,3,1,0,2,2024-11-04 12:34:29,2024,11
6,31,INC50148570,"266,226,194",52,"6,867,816,819","6,867,816,819","103,830,082","569,411,670",7,3,0,1,1,1,0,9,proceed,cancel,2024-11-04 18:11:06.000,2024-11-08 07:22:54.000,3,3,1,0,2,2024-11-04 15:14:39,2024,11
6,24,INC50153376,"266,226,194",121,"5,802,967,307","5,802,967,307","103,974,889","569,381,233",6,3,0,1,0,1,0,6,proceed,cancel,2024-11-04 23:13:28.000,2024-11-08 07:23:06.000,3,3,1,0,2,2024-11-04 22:17:25,2024,11
6,31,INC50147550,"266,226,194",122,"6,867,816,819","6,867,816,819","103,830,082","615,581,948",7,3,0,1,1,1,0,9,proceed,cancel,2024-11-04 16:58:46.000,2024-11-08 07:22:53.000,3,3,1,0,2,2024-11-04 14:01:20,2024,11
6,31,INC50150659,"266,226,194",16,"6,817,331,932","6,817,331,932","103,830,084","569,327,093",10,3,0,1,1,1,0,7,proceed,cancel,2024-11-04 18:02:47.000,2024-11-08 07:22:59.000,3,3,1,0,2,2024-11-04 18:02:11,2024,11
6,31,INC50150583,"266,226,194",52,"6,867,816,819","6,867,816,819","103,830,082","569,354,765",7,3,0,1,1,0,0,8,proceed,cancel,2024-11-04 20:09:02.000,2024-11-08 07:22:58.000,3,3,1,0,2,2024-11-04 17:54:32,2024,11
6,24,INC50146490,"266,226,194",121,"6,264,845,105","6,264,845,105","103,974,889","615,495,922",6,3,0,1,0,1,0,7,proceed,cancel,2024-11-04 12:05:45.000,2024-11-08 07:22:50.000,3,3,1,0,2,2024-11-04 11:59:49,2024,11
6,24,INC50147950,"266,226,194",121,"6,313,447,475","6,867,816,819","103,830,082","569,316,741",6,3,0,1,1,1,0,19,proceed,cancel,2024-11-04 20:07:24.000,2024-11-08 07:22:54.000,3,3,1,0,2,2024-11-04 14:26:22,2024,11
2,31,INC50154206,"166,126,616",122,"7,003,662,039","-99,999","-99,999","215,097,312",10,3,0,0,2,0,0,4,proceed,cancel,,,3,3,1,0,2,2024-11-05 01:50:57,2024,11
6,24,INC50149912,"266,226,194",51,"6,817,329,706","6,817,329,706","103,830,082","569,370,315",7,3,0,0,1,1,0,7,proceed,cancel,2024-11-04 16:54:18.000,2024-11-08 07:22:57.000,3,3,1,0,2,2024-11-04 16:53:11,2024,11
8,24,INC50150004,"166,126,616",121,"6,942,513,625","5,802,727,114","52,728,393","215,117,249",10,3,0,0,1,0,0,7,proceed,cancel,2024-11-09 02:02:03.000,,3,3,1,0,2,2024-11-04 17:02:09,2024,11
6,24,INC50151322,"266,226,194",121,"6,313,447,475","6,313,447,475","103,974,889","569,276,714",6,3,0,1,0,1,0,14,proceed,cancel,2024-11-04 19:06:35.000,2024-11-08 07:23:03.000,3,3,1,0,2,2024-11-04 18:58:27,2024,11
6,24,INC50153142,"266,226,194",121,"5,802,967,307","5,802,967,307","103,974,889","615,542,626",6,3,0,1,0,1,0,5,proceed,cancel,2024-11-04 21:53:59.000,2024-11-08 07:23:05.000,3,3,1,0,2,2024-11-04 21:40:44,2024,11
8,31,INC50150845,"266,226,194",122,"3,790,156,078","6,247,695,725","103,974,889","615,542,626",10,3,0,1,0,1,0,15,proceed,cancel,2024-11-06 20:59:28.000,,3,3,1,0,2,2024-11-04 18:16:37,2024,11
8,24,INC50151727,"166,126,616",121,"5,703,039,254","5,796,265,319","52,728,393","575,972,787",10,3,0,0,1,0,0,9,proceed,cancel,2024-11-07 17:44:00.000,,3,3,1,0,2,2024-11-04 19:29:00,2024,11
6,24,INC50146628,"266,226,194",121,"6,304,994,586","6,304,994,586","103,974,889","569,280,921",6,3,0,1,0,1,0,6,proceed,cancel,2024-11-04 12:35:27.000,2024-11-08 07:22:51.000,3,3,1,0,2,2024-11-04 12:31:31,2024,11
8,24,INC50146665,"266,226,194",51,"6,313,447,475","6,867,816,819","103,830,082","569,370,760",6,3,0,0,1,1,0,13,proceed,cancel,2024-11-05 18:15:27.000,,3,3,1,0,2,2024-11-04 12:36:29,2024,11
6,31,INC50151729,"266,226,194",52,"6,867,816,819","6,867,816,819","103,830,082","569,485,512",7,3,0,1,1,1,0,8,proceed,cancel,2024-11-04 20:29:27.000,2024-11-08 07:23:04.000,3,3,1,0,2,2024-11-04 19:29:15,2024,11
6,24,INC50147437,"266,226,194",121,"6,247,695,725","6,247,695,725","103,974,889","615,682,432",6,3,0,1,0,1,0,5,proceed,cancel,2024-11-04 13:56:00.000,2024-11-08 07:22:52.000,3,3,1,0,2,2024-11-04 13:52:45,2024,11
8,24,INC50147438,"266,226,194",121,"6,264,845,105","6,975,303,858","103,830,082","627,868,157",6,3,0,1,1,1,0,11,proceed,cancel,2024-11-07 16:06:36.000,,3,3,1,0,2,2024-11-04 13:52:49,2024,11
8,24,INC50153562,"166,126,616",121,"6,343,571,534","5,802,727,114","52,728,393","215,070,509",6,3,0,0,1,1,0,4,proceed,cancel,2024-11-09 02:08:16.000,,3,3,1,0,2,2024-11-04 22:48:33,2024,11
6,24,INC50149959,"266,226,194",121,"6,313,447,475","6,313,447,475","103,974,889","627,868,158",6,3,0,1,0,1,0,8,proceed,cancel,2024-11-04 17:21:51.000,2024-11-08 07:22:57.000,3,3,1,0,2,2024-11-04 16:58:23,2024,11
6,24,INC50151206,"266,226,194",121,"6,247,695,725","6,247,695,725","103,974,889","569,308,432",6,3,0,1,0,1,0,5,proceed,cancel,2024-11-04 20:34:11.000,2024-11-08 07:23:02.000,3,3,1,0,2,2024-11-04 18:47:03,2024,11
8,31,INC50159158,"266,226,194",16,"6,817,331,932","6,817,331,932","103,830,084","569,319,384",2,3,0,1,1,1,0,5,proceed,cancel,2024-11-05 17:57:01.000,,3,3,1,0,2,2024-11-05 17:56:26,2024,11
8,31,INC50156681,"266,226,194",49,"7,002,289,134","7,002,289,134","103,974,889","629,143,068",4,3,0,0,0,1,0,3,proceed,cancel,2024-11-05 14:34:08.000,,3,3,1,0,2,2024-11-05 14:32:59,2024,11
8,24,INC50159411,"166,126,616",121,"6,819,139,276","5,796,265,319","52,728,393","215,070,509",6,3,0,0,1,1,0,6,proceed,cancel,2024-11-05 19:00:16.000,,3,3,1,0,2,2024-11-05 18:22:13,2024,11
8,24,INC50155438,"266,226,194",121,"6,313,447,475","6,313,447,475","103,974,889","569,276,714",6,3,0,1,0,1,0,9,proceed,cancel,2024-11-05 12:29:33.000,,3,3,1,0,2,2024-11-05 12:17:17,2024,11
8,24,INC50160467,"266,226,194",121,"3,790,156,078","6,817,331,932","103,830,084","569,327,093",10,3,0,1,1,1,0,6,proceed,cancel,2024-11-06 13:03:59.000,,3,3,1,0,2,2024-11-05 19:51:07,2024,11
8,24,INC50161905,"266,226,194",121,"5,802,967,307","5,802,967,307","103,974,889","615,542,626",6,3,0,1,0,1,0,3,proceed,cancel,2024-11-05 23:22:46.000,,3,3,1,0,2,2024-11-05 23:07:38,2024,11
8,24,INC50159961,"266,226,194",51,"6,867,816,743","6,867,816,743","103,830,082","569,247,137",7,3,0,1,1,1,0,6,proceed,cancel,2024-11-05 19:06:33.000,,3,3,1,0,2,2024-11-05 19:06:02,2024,11
8,24,INC50160463,"266,226,194",121,"6,264,845,105","6,264,845,105","103,974,889","600,433,692",6,3,0,1,0,0,0,4,proceed,cancel,2024-11-06 12:01:30.000,,3,3,1,0,2,2024-11-05 19:50:36,2024,11
8,31,INC50155621,"166,126,616",16,"5,936,352,761","5,703,040,921","52,728,392","571,456,467",10,3,0,0,1,0,0,5,proceed,cancel,2024-11-05 17:08:45.000,,3,3,1,0,2,2024-11-05 12:48:03,2024,11
8,31,INC50170168,"166,126,616",16,"6,842,456,985","6,842,456,985","52,729,432","571,333,591",6,3,0,1,0,0,0,2,proceed,cancel,2024-11-06 21:18:37.000,,3,3,1,0,2,2024-11-06 21:17:37,2024,11
2,31,INC50168953,"166,126,616",122,"5,703,039,254","-99,999","-99,999","571,423,726",10,3,0,0,2,0,0,4,proceed,cancel,,,3,3,1,0,2,2024-11-06 18:53:34,2024,11
4,31,INC50162327,"166,126,616",122,"6,729,955,697","-99,999","-99,999","571,456,192",10,3,0,0,0,0,0,6,proceed,cancel,,,3,3,1,0,2,2024-11-06 01:59:27,2024,11
8,24,INC50155497,"266,226,194",121,"6,264,845,105","6,264,845,105","103,974,889","569,254,229",6,3,0,1,0,1,0,3,proceed,cancel,2024-11-05 12:35:02.000,,3,3,1,0,2,2024-11-05 12:28:05,2024,11
8,24,INC50156260,"266,226,194",121,"6,247,695,725","6,247,695,725","103,974,889","569,276,941",6,3,0,1,0,1,0,3,proceed,cancel,2024-11-05 14:07:01.000,,3,3,1,0,2,2024-11-05 14:02:12,2024,11
8,24,INC50159992,"166,126,616",121,"3,141,987,178","5,796,265,319","52,728,393","214,602,738",6,3,0,0,1,0,0,6,proceed,cancel,2024-11-05 20:19:20.000,,3,3,1,0,2,2024-11-05 19:09:03,2024,11
8,24,INC50162109,"266,226,194",51,"6,905,353,538","6,905,353,538","103,974,889","569,324,130",6,3,0,1,0,1,0,5,proceed,cancel,2024-11-06 00:24:23.000,,3,3,1,0,2,2024-11-06 00:15:48,2024,11
8,25,INC50156444,"266,226,194",63,"7,002,289,134","7,002,289,134","103,974,889","629,143,068",4,3,0,1,0,1,0,4,proceed,cancel,2024-11-05 14:30:35.000,,3,3,1,0,2,2024-11-05 14:15:01,2024,11
8,24,INC50156236,"266,226,194",121,"6,264,845,105","6,264,845,105","103,974,889","615,542,626",6,3,0,1,0,1,0,9,proceed,cancel,2024-11-05 14:08:29.000,,3,3,1,0,2,2024-11-05 14:00:44,2024,11
8,31,INC50159132,"266,226,194",122,"3,790,156,078","6,264,845,105","103,974,889","569,288,150",10,3,0,1,0,1,0,7,proceed,cancel,2024-11-06 12:00:44.000,,3,3,1,0,2,2024-11-05 17:52:26,2024,11
8,24,INC50156529,"266,226,194",121,"6,867,816,819","6,867,816,743","103,830,082","569,324,311",7,3,0,1,1,1,0,5,proceed,cancel,2024-11-05 15:08:28.000,,3,3,1,0,2,2024-11-05 14:22:35,2024,11
8,31,INC50158546,"266,226,194",122,"3,790,156,078","6,313,447,475","103,974,889","569,288,150",10,3,0,1,0,1,0,11,proceed,cancel,2024-11-05 18:05:38.000,,3,3,1,0,2,2024-11-05 17:05:17,2024,11
8,31,INC50155667,"166,126,616",122,"6,172,295,149","5,703,040,921","52,728,392","576,125,164",10,3,0,0,1,0,0,4,proceed,cancel,2024-11-05 17:25:46.000,,3,3,1,0,2,2024-11-05 12:56:33,2024,11
8,24,INC50169427,"266,226,194",121,"6,264,845,105","6,264,845,105","103,974,889","569,254,229",6,3,0,1,0,1,0,4,proceed,cancel,2024-11-06 19:46:51.000,,3,3,1,0,2,2024-11-06 19:41:05,2024,11
2,31,INC50154019,"166,126,616",52,"5,703,038,615","-99,999","-99,999","-99,999",10,3,0,0,1,0,0,6,proceed,cancel,,,3,3,1,0,2,2024-11-05 00:47:31,2024,11
8,24,INC50148125,"266,226,194",121,"6,247,695,725","6,247,695,725","103,974,889","569,469,943",6,3,0,1,0,1,0,8,proceed,cancel,2024-11-05 20:36:16.000,,3,3,1,0,2,2024-11-04 14:38:00,2024,11
8,24,INC50166850,"266,226,194",121,"6,247,695,725","6,247,695,725","103,974,889","569,272,812",6,3,0,1,0,1,0,4,proceed,cancel,2024-11-06 16:05:58.000,,3,3,1,0,2,2024-11-06 15:41:26,2024,11
2,31,INC50169948,"166,126,616",16,"6,973,310,807","-99,999","-99,999","571,419,514",10,3,0,0,2,0,0,5,proceed,cancel,,,3,3,1,0,2,2024-11-06 20:45:08,2024,11
8,24,INC50164982,"266,226,194",121,"6,313,447,475","6,313,447,475","103,974,889","569,338,790",6,3,0,1,0,1,0,6,proceed,cancel,2024-11-06 12:22:26.000,,3,3,1,0,2,2024-11-06 12:10:41,2024,11
8,24,INC50168593,"166,126,616",121,"4,536,264,761","4,536,264,761","52,729,432","561,183,411",6,3,0,1,0,0,0,4,proceed,cancel,2024-11-06 18:28:08.000,,3,3,1,0,2,2024-11-06 18:16:29,2024,11
8,24,INC50166624,"266,226,194",121,"6,975,303,858","6,975,303,858","103,830,082","638,266,968",7,2,0,1,1,1,0,6,proceed,cancel,2024-11-06 15:24:29.000,,3,1,1,0,3,2024-11-06 15:19:59,2024,11
8,24,INC50165467,"266,226,194",121,"7,002,289,134","7,002,289,134","103,974,889","569,454,137",6,3,0,1,0,1,0,6,proceed,cancel,2024-11-06 13:58:09.000,,3,3,1,0,2,2024-11-06 13:41:41,2024,11
8,31,INC50168975,"166,126,616",122,"5,703,037,590","6,059,124,548","79,181,792","576,164,409",10,3,0,0,1,0,0,5,proceed,cancel,2024-11-06 22:28:00.000,,3,3,1,0,2,2024-11-06 18:55:33,2024,11
8,24,INC50166811,"266,226,194",121,"6,264,845,105","6,264,845,105","103,974,889","569,254,229",6,3,0,1,0,1,0,4,proceed,cancel,2024-11-06 15:47:47.000,,3,3,1,0,2,2024-11-06 15:37:47,2024,11
8,24,INC50170710,"266,226,194",51,"6,817,329,706","6,817,329,706","103,830,082","569,423,677",2,3,0,0,1,1,0,5,proceed,cancel,2024-11-06 23:15:17.000,,3,3,1,0,2,2024-11-06 22:46:28,2024,11
2,24,INC50152785,"166,126,616",121,"6,343,571,534","-99,999","-99,999","215,070,509",6,3,0,0,1,1,0,5,proceed,cancel,,,3,3,1,0,2,2024-11-04 21:02:48,2024,11
8,31,INC50150649,"166,126,616",16,"6,816,701,351","5,703,040,921","52,728,392","571,423,726",6,3,0,1,1,0,0,7,proceed,cancel,2024-11-04 19:37:19.000,,3,3,1,0,2,2024-11-04 18:01:06,2024,11
8,31,INC50151314,"166,126,616",122,"6,172,295,149","5,703,040,921","52,728,392","571,280,206",10,3,0,0,1,0,0,7,proceed,cancel,2024-11-06 21:16:35.000,,3,3,1,0,2,2024-11-04 18:57:35,2024,11
8,24,INC50148829,"166,126,616",121,"3,141,987,178","3,141,987,178","52,729,432","561,183,411",6,3,0,1,0,0,0,2,proceed,cancel,2024-11-04 15:54:29.000,,3,3,1,0,2,2024-11-04 15:32:05,2024,11
8,25,INC50181157,"266,226,194",63,"3,790,156,078","5,793,903,899","103,974,889","626,218,840",10,3,0,1,0,1,0,5,proceed,cancel,2024-11-08 13:58:21.000,,3,3,1,0,2,2024-11-08 13:36:53,2024,11
8,24,INC50181335,"266,226,194",121,"6,264,845,105","6,264,845,105","103,974,889","615,542,626",6,3,0,1,0,1,0,3,proceed,cancel,2024-11-08 14:08:55.000,,3,3,1,0,2,2024-11-08 14:04:44,2024,11
4,31,INC50184135,"266,226,194",122,"3,790,156,078","-99,999","-99,999","640,494,710",10,3,0,0,1,1,0,11,proceed,cancel,,,3,3,1,0,2,2024-11-08 18:33:39,2024,11
8,24,INC50183799,"166,126,616",27,"3,141,987,178","5,703,040,921","52,728,392","571,303,354",6,5,0,0,1,0,0,3,proceed,cancel,2024-11-08 18:14:42.000,,2,3,1,0,2,2024-11-08 17:55:30,2024,11
8,31,INC50173718,"166,126,616",52,"5,703,040,921","5,703,040,921","52,728,392","385,037,561",10,3,0,0,1,0,0,1,proceed,cancel,2024-11-07 14:29:15.000,,3,3,1,0,2,2024-11-07 14:28:19,2024,11
8,31,INC50177165,"166,126,616",122,"6,997,089,137","6,059,124,548","79,181,792","576,164,409",10,3,0,0,1,0,0,6,proceed,cancel,2024-11-08 21:25:33.000,,3,3,1,0,2,2024-11-07 19:55:33,2024,11
8,31,INC50182026,"166,126,616",122,"5,936,352,761","6,059,124,548","79,181,792","333,108,108",10,3,0,0,2,0,0,7,proceed,cancel,2024-11-08 20:33:15.000,,3,3,1,0,2,2024-11-08 15:07:39,2024,11
8,24,INC50173903,"266,226,194",121,"7,002,289,134","6,817,329,706","103,830,082","569,380,783",4,3,0,0,1,1,0,17,proceed,cancel,2024-11-08 15:23:16.000,,3,3,1,0,2,2024-11-07 14:48:17,2024,11
8,31,INC50172850,"266,226,194",52,"6,867,816,819","6,867,816,819","103,830,082","569,361,987",7,3,0,1,1,1,0,5,proceed,cancel,2024-11-07 19:26:21.000,,3,3,1,0,2,2024-11-07 12:48:22,2024,11
8,31,INC50180573,"266,226,194",16,"6,313,447,475","6,313,447,475","103,974,889","569,435,003",6,3,0,1,0,1,0,8,proceed,cancel,2024-11-08 12:33:39.000,,3,3,1,0,2,2024-11-08 12:15:09,2024,11
2,31,INC50181142,"166,126,616",16,"5,703,040,921","-99,999","-99,999","215,183,888",10,3,0,0,1,0,0,3,proceed,cancel,,,3,3,1,0,2,2024-11-08 13:35:21,2024,11
8,31,INC50183564,"266,226,194",16,"7,002,289,134","7,002,289,134","103,974,889","569,435,003",6,3,0,1,0,1,0,5,proceed,cancel,2024-11-08 18:05:22.000,,3,3,1,0,2,2024-11-08 17:26:25,2024,11
1,31,INC50177289,"166,126,616","-99,999","5,703,041,312","-99,999","-99,999","-99,999",10,3,0,0,0,0,0,3,proceed,cancel,,,3,3,1,0,2,2024-11-07 20:06:03,2024,11
8,24,INC50172838,"266,226,194",121,"3,790,156,078","6,264,845,105","103,974,889","569,273,157",4,3,0,1,0,0,0,7,proceed,cancel,2024-11-07 13:29:55.000,,3,3,1,0,2,2024-11-07 12:46:04,2024,11
8,24,INC50179343,"266,226,194",121,"6,291,138,647","6,291,138,647","103,974,889","569,435,129",6,3,0,1,0,1,0,4,proceed,cancel,2024-11-08 06:27:20.000,,3,3,1,0,2,2024-11-08 06:19:01,2024,11
8,24,INC50178806,"266,226,194",121,"5,802,967,307","5,802,967,307","103,974,889","569,381,233",6,3,0,1,0,1,0,3,proceed,cancel,2024-11-08 01:18:20.000,,3,3,1,0,2,2024-11-08 00:42:01,2024,11
8,24,INC50177890,"266,226,194",121,"5,802,967,307","5,802,967,307","103,974,889","569,469,943",6,3,0,1,0,1,0,3,proceed,cancel,2024-11-07 21:36:08.000,,3,3,1,0,2,2024-11-07 21:16:09,2024,11
8,24,INC50174066,"266,226,194",121,"6,264,845,105","6,264,845,105","103,974,889","615,542,626",6,3,0,1,0,1,0,4,proceed,cancel,2024-11-07 15:08:53.000,,3,3,1,0,2,2024-11-07 15:05:37,2024,11
8,31,INC50175696,"266,226,194",122,"3,790,156,078","6,264,845,105","103,974,889","569,455,172",10,3,0,1,0,0,0,15,proceed,cancel,2024-11-08 12:09:42.000,,3,3,1,0,2,2024-11-07 17:32:02,2024,11
4,24,INC50178794,"266,226,194",121,"5,802,967,307","-99,999","-99,999","569,381,233",6,3,0,0,0,1,0,4,proceed,cancel,,,3,3,1,0,2,2024-11-08 00:36:18,2024,11
2,24,INC50145496,"166,126,616",51,"5,882,166,307","-99,999","-99,999","571,402,123",10,3,0,0,1,0,0,6,proceed,cancel,,,3,3,1,0,2,2024-11-04 01:38:58,2024,11
8,31,INC50144396,"166,126,616",122,"6,913,617,004","6,913,617,004","52,729,432","571,423,726",6,3,0,1,0,0,0,2,proceed,cancel,2024-11-03 16:01:00.000,,3,3,1,0,2,2024-11-03 15:55:55,2024,11
8,31,INC50145602,"166,126,616",122,"6,842,456,985","5,802,727,114","52,728,393","215,117,249",6,3,0,0,1,0,0,6,proceed,cancel,2024-11-09 02:09:28.000,,3,3,1,0,2,2024-11-04 03:20:22,2024,11
8,24,INC50144281,"166,126,616",121,"6,816,701,351","5,703,040,455","52,728,392","561,183,411",6,3,0,0,1,0,0,9,proceed,cancel,2024-11-08 18:52:16.000,,3,3,1,0,2,2024-11-03 14:59:15,2024,11
8,31,INC50145495,"166,126,616",122,"6,842,456,985","5,802,727,114","52,728,393","215,117,249",6,3,0,0,1,0,0,6,proceed,cancel,2024-11-09 02:11:44.000,,3,3,1,0,2,2024-11-04 01:38:38,2024,11
6,24,INC50135717,"266,226,194",121,"6,264,845,105","6,264,845,105","103,974,889","615,682,432",6,3,0,1,0,1,0,6,proceed,cancel,2024-11-01 12:38:40.000,2024-11-05 08:16:31.000,3,3,1,0,2,2024-11-01 12:34:05,2024,11
6,24,INC50136948,"266,226,194",121,"6,817,329,706","6,817,329,706","103,830,082","569,350,282",7,3,0,0,1,1,0,9,proceed,cancel,2024-11-01 15:06:57.000,2024-11-05 08:16:33.000,3,3,1,0,2,2024-11-01 15:03:44,2024,11
8,24,INC50144830,"166,126,616",121,"5,703,041,036","5,703,040,455","52,728,392","214,700,237",10,3,0,0,1,0,0,8,proceed,cancel,2024-11-04 14:08:37.000,,3,3,1,0,2,2024-11-03 19:00:28,2024,11
8,24,INC50140304,"166,126,616",121,"6,842,456,985","5,802,727,114","52,728,393","215,117,249",6,3,0,0,3,0,0,8,proceed,cancel,2024-11-02 02:16:25.000,,3,3,1,0,2,2024-11-01 23:26:28,2024,11
6,24,INC50138562,"266,226,194",121,"6,264,845,105","6,264,845,105","103,974,889","615,495,922",6,3,0,1,0,1,0,6,proceed,cancel,2024-11-01 17:58:17.000,2024-11-05 08:16:35.000,3,3,1,0,2,2024-11-01 17:54:31,2024,11
8,24,INC50144525,"166,126,616",121,"6,651,206,890","6,816,701,351","52,729,432","561,183,411",10,3,0,1,0,0,0,3,proceed,cancel,2024-11-03 17:52:41.000,,3,3,1,0,2,2024-11-03 17:04:27,2024,11
8,24,INC50135575,"266,226,194",121,"3,790,156,078","6,975,303,858","103,830,082","569,255,282",4,3,0,1,1,0,0,17,proceed,cancel,2024-11-06 15:27:40.000,,3,1,1,0,3,2024-11-01 12:14:13,2024,11
8,31,INC50139072,"166,126,616",16,"-99,999","5,703,040,921","52,728,392","215,183,888",10,3,0,0,0,0,0,1,proceed,cancel,2024-11-01 19:24:44.000,,3,3,1,0,2,2024-11-01 18:52:26,2024,11
6,24,INC50135190,"266,226,194",121,"6,304,994,586","6,304,994,586","103,974,889","569,280,921",6,3,0,1,0,1,0,7,proceed,cancel,2024-11-01 10:17:37.000,2024-11-05 08:16:29.000,3,3,1,0,2,2024-11-01 10:13:43,2024,11
6,31,INC50144962,"266,226,194",122,"6,204,928,876","6,905,353,538","103,974,889","569,304,015",6,3,0,1,0,1,0,4,proceed,cancel,2024-11-03 20:18:34.000,2024-11-07 07:54:42.000,3,3,1,0,2,2024-11-03 19:56:02,2024,11
8,31,INC50145315,"166,126,616",122,"5,703,040,214","5,703,040,455","52,728,392","572,501,976",10,3,0,0,1,0,0,13,proceed,cancel,2024-11-04 20:52:04.000,,3,3,1,0,2,2024-11-03 22:53:27,2024,11
6,31,INC50139176,"266,226,194",122,"6,909,538,789","6,909,538,789","103,974,889","-99,999",10,3,0,0,0,0,0,2,proceed,cancel,2024-11-01 19:38:59.000,2024-11-01 19:38:59.000,3,3,1,0,2,2024-11-01 19:08:30,2024,11
6,24,INC50137841,"266,226,194",121,"6,264,845,105","6,975,303,858","103,830,082","569,254,229",6,3,0,1,1,1,0,22,proceed,cancel,2024-11-01 17:52:12.000,2024-11-05 08:16:34.000,3,3,1,0,2,2024-11-01 16:46:01,2024,11
8,31,INC50137940,"166,126,616",16,"2,438,429,805","5,802,727,114","52,728,393","575,972,787",6,3,0,0,1,0,0,5,proceed,cancel,2024-11-02 02:19:21.000,,3,3,1,0,2,2024-11-01 16:58:00,2024,11
8,24,INC50140463,"166,126,616",121,"6,942,513,617","5,802,727,114","52,728,393","215,117,249",10,3,0,0,1,0,0,7,proceed,cancel,2024-11-02 02:14:56.000,,3,3,1,0,2,2024-11-02 00:30:27,2024,11
4,31,INC50139364,"166,126,616","-99,999","6,278,127,787","-99,999","-99,999","572,694,952",10,3,0,0,0,1,0,9,proceed,cancel,,,3,3,1,0,2,2024-11-01 19:24:00,2024,11
2,24,INC50140891,"166,126,616",121,"6,193,088,239","-99,999","-99,999","-99,999",10,3,0,0,1,0,0,3,proceed,cancel,,,3,3,1,0,2,2024-11-02 05:35:28,2024,11
8,31,INC50144454,"166,126,616",122,"6,913,617,004","6,913,617,004","52,729,432","215,117,249",6,3,0,1,0,0,0,2,proceed,cancel,2024-11-03 16:37:34.000,,3,3,1,0,2,2024-11-03 16:25:56,2024,11
8,24,INC50144858,"166,126,616",121,"6,816,701,351","5,703,040,455","52,728,392","215,157,250",6,3,0,0,1,1,0,7,proceed,cancel,2024-11-04 13:55:11.000,,3,3,1,0,2,2024-11-03 19:19:55,2024,11
8,24,INC50140471,"166,126,616",121,"5,759,423,830","5,759,423,830","52,729,432","215,070,509",2,3,0,1,0,1,0,2,proceed,cancel,2024-11-02 00:35:22.000,,3,3,1,0,2,2024-11-02 00:33:20,2024,11
8,24,INC50143435,"166,126,616",121,"6,322,476,981","5,796,265,319","52,728,393","215,157,251",10,3,0,0,1,0,0,10,proceed,cancel,2024-11-03 19:30:05.000,,3,3,1,0,2,2024-11-03 06:22:28,2024,11
8,24,INC50144311,"166,126,616",121,"6,322,476,597","5,796,265,319","52,728,393","215,090,643",10,3,0,0,1,0,0,9,proceed,cancel,2024-11-07 14:44:24.000,,3,3,1,0,2,2024-11-03 15:10:30,2024,11
6,24,INC50144899,"266,226,194",121,"6,905,353,538","6,905,353,538","103,974,889","615,495,922",6,3,0,1,0,1,0,11,proceed,cancel,2024-11-03 19:51:03.000,2024-11-07 07:54:42.000,3,3,1,0,2,2024-11-03 19:35:12,2024,11
8,31,INC50142925,"166,126,616",16,"6,842,456,985","6,842,456,985","52,729,432","571,333,591",6,3,0,1,0,0,0,2,proceed,cancel,2024-11-02 23:36:59.000,,3,3,1,0,2,2024-11-02 23:35:41,2024,11
6,31,INC50142441,"266,226,194",16,"6,817,331,932","6,817,331,932","103,830,084","569,327,093",10,3,0,1,1,1,0,8,proceed,cancel,2024-11-02 19:15:49.000,2024-11-06 07:56:12.000,3,3,1,0,2,2024-11-02 19:15:11,2024,11
6,31,INC50147592,"266,226,194",52,"6,867,816,819","6,867,816,819","103,830,082","569,339,535",7,3,0,1,1,1,0,9,proceed,cancel,2024-11-04 16:59:08.000,2024-11-08 07:22:53.000,3,3,1,0,2,2024-11-04 14:04:44,2024,11
8,31,INC50142774,"166,126,616",122,"5,703,037,192","5,703,040,921","52,728,392","561,183,411",10,3,0,0,1,0,0,7,proceed,cancel,2024-11-05 17:02:19.000,,3,3,1,0,2,2024-11-02 21:51:28,2024,11
8,31,INC50141586,"166,126,616",122,"6,354,395,822","5,796,265,319","52,728,393","215,117,249",10,3,0,0,1,0,0,9,proceed,cancel,2024-11-02 14:53:49.000,,3,3,1,0,2,2024-11-02 14:21:28,2024,11
9,24,INC50144974,"166,126,616",51,"6,816,701,351","-99,999","-99,999","215,017,395",6,1,0,0,1,0,0,11,proceed,cancel,,,3,3,1,1,2,2024-11-03 20:02:56,2024,11
6,24,INC50146512,"266,226,194",121,"6,313,447,475","6,313,447,475","103,974,889","569,276,714",6,3,0,1,0,1,0,11,proceed,cancel,2024-11-04 12:22:07.000,2024-11-08 07:22:50.000,3,3,1,0,2,2024-11-04 12:07:50,2024,11
6,24,INC50141416,"266,226,194",51,"6,304,994,586","6,304,994,586","103,974,889","569,469,943",6,3,0,1,0,1,0,6,proceed,cancel,2024-11-02 13:01:34.000,2024-11-06 07:56:11.000,3,3,1,0,2,2024-11-02 12:51:13,2024,11
8,31,INC50141710,"166,126,616",122,"6,380,691,081","5,796,265,319","52,728,393","215,117,249",10,3,0,0,1,0,0,7,proceed,cancel,2024-11-02 15:29:53.000,,3,3,1,0,2,2024-11-02 15:06:30,2024,11
8,24,INC50142851,"166,126,616",121,"6,343,571,534","5,703,037,754","52,728,393","575,972,787",6,3,0,0,1,0,0,7,proceed,cancel,2024-11-02 22:41:46.000,,3,3,1,0,2,2024-11-02 22:33:02,2024,11
6,31,INC50141597,"266,226,194",16,"6,815,661,982","299,078","103,830,082","629,143,068",4,3,0,0,0,1,0,5,proceed,cancel,2024-11-02 14:30:39.000,2024-11-06 07:56:12.000,3,3,1,0,2,2024-11-02 14:25:33,2024,11
8,31,INC50142472,"166,126,616",52,"6,913,617,004","6,770,881,793","52,728,392","571,423,726",6,3,0,0,1,0,0,6,proceed,cancel,2024-11-04 18:43:20.000,,3,3,1,0,2,2024-11-02 19:30:48,2024,11
6,24,INC50142730,"266,226,194",121,"6,905,353,538","6,905,353,538","103,974,889","569,288,150",6,3,0,1,0,1,0,6,proceed,cancel,2024-11-02 21:31:57.000,2024-11-06 07:56:13.000,3,3,1,0,2,2024-11-02 21:22:25,2024,11
6,31,INC50147075,"266,226,194",16,"6,817,331,932","6,817,331,932","103,830,084","569,327,093",10,3,0,1,1,1,0,7,proceed,cancel,2024-11-04 13:27:54.000,2024-11-08 07:22:52.000,3,3,1,0,2,2024-11-04 13:27:12,2024,11
8,24,INC50146536,"266,226,194",121,"3,790,156,078","6,264,845,105","103,974,889","569,250,281",10,3,0,1,0,1,0,16,proceed,cancel,2024-11-06 11:57:55.000,,3,3,1,1,2,2024-11-04 12:15:09,2024,11
8,24,INC50145455,"166,126,616",121,"6,343,571,534","5,802,727,114","52,728,393","215,070,509",6,3,0,0,1,1,0,8,proceed,cancel,2024-11-09 02:10:15.000,,3,3,1,0,2,2024-11-04 01:02:05,2024,11
6,24,INC50142994,"266,226,194",51,"6,905,353,538","6,905,353,538","103,974,889","569,324,130",6,3,0,1,0,1,0,13,proceed,cancel,2024-11-03 22:34:22.000,2024-11-07 07:54:41.000,3,3,1,0,2,2024-11-03 00:22:09,2024,11
8,24,INC50144519,"266,226,194",121,"6,204,928,876","6,264,845,105","103,974,889","569,469,943",6,3,0,1,0,1,0,11,proceed,cancel,2024-11-08 12:15:03.000,,3,3,1,0,2,2024-11-03 17:01:49,2024,11
2,24,INC50141552,"166,126,616",121,"5,759,423,830","-99,999","-99,999","572,717,939",6,5,0,0,1,1,0,2,proceed,cancel,,,2,3,1,0,2,2024-11-02 14:16:12,2024,11
8,31,INC50151567,"166,126,616",122,"5,703,037,429","5,703,040,921","52,728,392","571,371,245",10,3,0,0,1,0,0,6,proceed,cancel,2024-11-05 14:20:15.000,,3,3,1,0,2,2024-11-04 19:18:28,2024,11
6,31,INC50142477,"266,226,194",122,"6,905,353,538","6,905,353,538","103,974,889","569,311,731",6,3,0,0,0,1,0,4,proceed,cancel,2024-11-02 19:37:12.000,2024-11-06 07:56:13.000,3,3,1,0,2,2024-11-02 19:35:58,2024,11
6,24,INC50143011,"266,226,194",121,"6,905,353,538","6,905,353,538","103,974,889","615,495,922",6,3,0,1,0,1,0,7,proceed,cancel,2024-11-03 01:04:18.000,2024-11-06 07:56:13.000,3,3,1,0,2,2024-11-03 00:42:08,2024,11
6,24,INC50150870,"266,226,194",121,"6,313,447,475","6,313,447,475","103,974,889","569,276,714",6,3,0,1,0,1,0,8,proceed,cancel,2024-11-04 18:33:31.000,2024-11-08 07:23:01.000,3,3,1,0,2,2024-11-04 18:18:55,2024,11
4,24,INC50144869,"166,126,616",121,"7,000,177,223","-99,999","-99,999","571,456,467",10,3,0,0,0,0,0,6,proceed,cancel,,,3,3,1,0,2,2024-11-03 19:25:57,2024,11
6,24,INC50143027,"266,226,194",121,"6,905,353,538","6,905,353,538","103,974,889","569,288,150",6,3,0,1,0,1,0,5,proceed,cancel,2024-11-03 01:06:49.000,2024-11-06 07:56:14.000,3,3,1,0,2,2024-11-03 01:00:31,2024,11
8,31,INC50143020,"166,126,616",122,"6,842,456,985","5,703,037,754","52,728,393","215,117,249",6,3,0,0,1,0,0,7,proceed,cancel,2024-11-03 01:01:33.000,,3,3,1,0,2,2024-11-03 00:53:53,2024,11
6,24,INC50152374,"266,226,194",51,"6,817,329,706","6,817,329,706","103,830,082","569,370,315",2,3,0,0,1,1,0,8,proceed,cancel,2024-11-04 20:29:28.000,2024-11-08 07:23:05.000,3,3,1,0,2,2024-11-04 20:25:54,2024,11
6,24,INC50148872,"266,226,194",121,"6,247,695,725","6,247,695,725","103,974,889","569,316,116",6,3,0,1,0,1,0,5,proceed,cancel,2024-11-04 16:12:01.000,2024-11-08 07:22:56.000,3,3,1,0,2,2024-11-04 15:35:03,2024,11
6,31,INC50150601,"266,226,194",52,"6,867,816,819","6,867,816,819","103,830,082","569,361,987",7,3,0,1,1,1,0,9,proceed,cancel,2024-11-04 20:11:23.000,2024-11-08 07:22:59.000,3,3,1,0,2,2024-11-04 17:56:02,2024,11
6,24,INC50141217,"266,226,194",121,"6,304,994,586","6,304,994,586","103,974,889","569,272,812",6,3,0,1,0,1,0,6,proceed,cancel,2024-11-02 10:11:16.000,2024-11-06 07:56:11.000,3,3,1,0,2,2024-11-02 09:58:32,2024,11
6,24,INC50135980,"266,226,194",121,"6,313,447,475","6,313,447,475","103,974,889","569,276,714",6,3,0,1,0,1,0,12,proceed,cancel,2024-11-01 13:30:16.000,2024-11-05 08:16:32.000,3,3,1,0,2,2024-11-01 13:13:51,2024,11
4,31,INC50139349,"166,126,616",52,"5,882,166,373","-99,999","-99,999","215,117,249",10,3,0,0,0,0,0,8,proceed,cancel,,,3,3,1,0,2,2024-11-01 19:22:38,2024,11
6,24,INC50135454,"266,226,194",121,"6,910,145,343","6,975,303,858","103,830,082","569,311,724",6,3,0,1,1,1,0,17,proceed,cancel,2024-11-01 19:03:41.000,2024-11-05 08:16:30.000,3,3,1,0,2,2024-11-01 11:52:11,2024,11
8,24,INC50135147,"266,226,194",121,"6,304,994,586","6,313,447,475","103,974,889","569,280,921",6,3,0,1,0,1,0,20,proceed,cancel,2024-11-07 12:04:56.000,,3,3,1,0,2,2024-11-01 10:00:23,2024,11
6,31,INC50148614,"266,226,194",52,"6,867,816,819","6,867,816,819","103,830,082","569,261,815",7,3,0,1,1,1,0,9,proceed,cancel,2024-11-04 18:11:35.000,2024-11-08 07:22:55.000,3,3,1,0,2,2024-11-04 15:16:06,2024,11
8,31,INC50139920,"166,126,616",52,"5,767,479,515","6,770,881,793","52,728,392","592,743,960",10,3,0,0,1,1,0,7,proceed,cancel,2024-11-04 21:19:49.000,,3,3,1,0,2,2024-11-01 21:09:05,2024,11
8,31,INC50139420,"166,126,616",16,"5,703,039,268","6,877,023,618","104,119,807","414,111,943",10,3,0,0,2,0,0,5,proceed,cancel,2024-11-05 23:26:07.000,,3,3,1,0,2,2024-11-01 19:34:00,2024,11
8,31,INC50138713,"166,126,616",122,"6,840,444,822","5,802,727,114","52,728,393","214,602,738",10,3,0,0,1,0,0,12,proceed,cancel,2024-11-02 02:17:36.000,,3,3,1,0,2,2024-11-01 18:08:00,2024,11
8,31,INC50137574,"166,126,616",122,"2,438,429,805","6,016,140,447","52,728,391","413,902,537",6,3,0,0,1,1,0,6,proceed,cancel,2024-11-07 15:49:28.000,,3,3,1,0,2,2024-11-01 16:11:02,2024,11
8,24,INC50142961,"266,226,194",51,"3,790,156,078","6,313,447,475","103,974,889","569,324,130",4,3,0,1,0,1,0,14,proceed,cancel,2024-11-05 19:49:36.000,,3,3,1,0,2,2024-11-02 23:52:57,2024,11
8,24,INC50152506,"166,126,616",121,"3,141,987,178","6,770,881,793","52,728,392","561,183,411",6,3,0,0,1,0,0,4,proceed,cancel,2024-11-04 21:14:47.000,,3,3,1,0,2,2024-11-04 20:38:01,2024,11
6,24,INC50136838,"266,226,194",51,"6,817,329,706","6,817,329,706","103,830,082","569,350,282",7,3,0,0,1,1,0,10,proceed,cancel,2024-11-01 14:55:34.000,2024-11-05 08:16:33.000,3,3,1,0,2,2024-11-01 14:53:48,2024,11
6,24,INC50139438,"266,226,194",121,"6,264,845,105","6,264,845,105","103,974,889","615,542,626",6,3,0,1,0,1,0,5,proceed,cancel,2024-11-01 19:39:09.000,2024-11-05 08:16:36.000,3,3,1,0,2,2024-11-01 19:36:06,2024,11
6,24,INC50135392,"266,226,194",121,"6,291,138,647","6,975,303,858","103,830,082","615,519,851",2,3,0,1,1,1,0,14,proceed,cancel,2024-11-01 13:30:58.000,2024-11-05 08:16:29.000,3,3,1,0,2,2024-11-01 11:34:00,2024,11
8,25,INC50139518,"266,226,194",63,"6,313,447,475","6,313,447,475","103,974,889","569,455,172",6,3,0,1,0,0,0,20,proceed,cancel,2024-11-07 11:58:10.000,,3,3,1,0,2,2024-11-01 19:51:25,2024,11
8,31,INC50142159,"166,126,616",122,"6,193,088,205","6,877,023,618","104,119,807","215,207,061",10,3,0,0,2,0,0,6,proceed,cancel,2024-11-06 21:51:20.000,,3,3,1,0,2,2024-11-02 17:45:30,2024,11
8,24,INC50137507,"266,226,194",121,"6,313,447,475","6,975,303,858","103,830,082","569,338,790",6,3,0,1,1,1,0,19,proceed,cancel,2024-11-05 18:20:56.000,,3,3,1,0,2,2024-11-01 16:05:00,2024,11
8,31,INC50136487,"166,126,616",16,"6,819,139,276","6,819,139,276","52,729,432","561,183,411",6,3,0,1,0,0,0,3,proceed,cancel,2024-11-01 14:23:32.000,,3,3,1,0,2,2024-11-01 14:11:41,2024,11
8,24,INC50142079,"166,126,616",51,"6,913,617,004","6,278,128,117","87,971,197","215,063,806",6,4,0,0,1,0,0,3,proceed,cancel,2024-11-05 15:19:57.000,,2,2,1,0,1,2024-11-02 16:56:35,2024,11
2,24,INC50185543,"166,126,616",51,"6,343,571,534","-99,999","-99,999","214,700,237",6,3,0,0,1,0,0,2,proceed,cancel,,,3,3,1,0,2,2024-11-08 21:28:21,2024,11
1,31,INC50182304,"166,126,616","-99,999","6,872,710,905","-99,999","-99,999","-99,999",10,3,0,0,0,0,0,3,proceed,cancel,,,3,3,1,0,2,2024-11-08 15:35:02,2024,11
4,31,INC50186583,"166,126,616",122,"5,788,661,775","-99,999","-99,999","-99,999",10,3,0,0,0,0,0,8,proceed,cancel,,,3,3,1,0,2,2024-11-09 02:36:30,2024,11
8,24,INC50184123,"266,226,194",103,"6,264,845,105","6,264,845,105","103,974,889","569,455,172",6,3,0,1,0,0,0,8,proceed,cancel,2024-11-08 18:41:15.000,,3,3,1,0,2,2024-11-08 18:31:39,2024,11
2,24,INC50182731,"166,126,616",121,"5,703,040,835","-99,999","-99,999","215,117,249",10,3,0,0,1,0,0,3,proceed,cancel,,,3,3,1,0,2,2024-11-08 16:09:28,2024,11
2,24,INC50186319,"166,126,616",121,"6,343,571,534","-99,999","-99,999","215,060,468",6,3,0,0,1,0,0,2,proceed,cancel,,,3,3,1,0,2,2024-11-09 00:08:30,2024,11
8,31,INC50181472,"266,226,194",122,"6,867,816,819","6,867,816,819","103,830,082","569,354,337",2,3,0,1,1,1,0,7,proceed,cancel,2024-11-08 19:21:52.000,,3,3,1,0,2,2024-11-08 14:17:39,2024,11
8,31,INC50185128,"166,126,616",122,"5,703,037,892","5,703,040,921","52,728,392","571,473,069",10,3,0,0,1,0,0,5,proceed,cancel,2024-11-08 21:19:41.000,,3,3,1,0,2,2024-11-08 20:24:30,2024,11
8,31,INC50182793,"266,226,194",16,"7,002,289,134","6,817,329,706","103,830,082","615,542,626",6,3,0,0,1,1,0,19,proceed,cancel,2024-11-08 21:03:06.000,,3,3,1,0,2,2024-11-08 16:15:12,2024,11
8,24,INC50184733,"266,226,194",121,"6,264,845,105","6,264,845,105","103,974,889","615,495,922",6,3,0,1,0,1,0,5,proceed,cancel,2024-11-08 19:47:06.000,,3,3,1,0,2,2024-11-08 19:42:30,2024,11
1,31,INC50185547,"166,126,616","-99,999","5,703,040,921","-99,999","-99,999","-99,999",10,3,0,0,1,0,0,2,proceed,cancel,,,3,3,1,0,2,2024-11-08 21:29:30,2024,11
1,31,INC50183625,"166,126,616","-99,999","6,339,348,327","-99,999","-99,999","-99,999",10,3,0,0,0,0,0,3,proceed,cancel,,,3,3,1,0,2,2024-11-08 17:33:35,2024,11
8,24,INC50181339,"266,226,194",121,"6,867,816,743","6,867,816,743","103,830,082","569,411,998",7,3,0,1,1,0,0,6,proceed,cancel,2024-11-08 14:13:27.000,,3,3,1,0,2,2024-11-08 14:05:18,2024,11
4,24,INC50186383,"266,226,194",121,"5,802,967,307","-99,999","-99,999","569,381,233",6,3,0,0,0,1,0,3,proceed,cancel,,,3,3,1,0,2,2024-11-09 00:36:50,2024,11
8,31,INC50183367,"266,226,194",16,"6,817,331,932","6,817,331,932","103,830,084","569,319,384",2,3,0,1,1,1,0,5,proceed,cancel,2024-11-08 17:06:50.000,,3,3,1,0,2,2024-11-08 17:06:09,2024,11
8,24,INC50182219,"266,226,194",121,"6,264,845,105","6,264,845,105","103,974,889","615,495,922",6,3,0,1,0,1,0,8,proceed,cancel,2024-11-08 15:49:41.000,,3,3,1,0,2,2024-11-08 15:25:51,2024,11
8,25,INC50182614,"266,226,194",63,"3,790,156,078","5,793,903,899","103,974,889","626,218,840",10,3,0,1,0,1,0,13,proceed,cancel,2024-11-08 16:47:50.000,,3,3,1,0,2,2024-11-08 15:55:58,2024,11
8,24,INC50180815,"266,226,194",121,"6,313,447,475","6,867,816,743","103,830,082","569,481,069",6,3,0,1,1,1,0,16,proceed,cancel,2024-11-08 20:58:29.000,,3,1,1,0,3,2024-11-08 12:49:49,2024,11
8,31,INC50185549,"166,126,616",16,"5,759,423,830","5,759,423,830","52,729,432","571,333,591",6,3,0,1,0,0,0,2,proceed,cancel,2024-11-08 21:31:26.000,,3,3,1,0,2,2024-11-08 21:29:58,2024,11
8,31,INC50183633,"266,226,194",122,"6,867,816,819","6,867,816,819","103,830,082","627,696,937",7,3,0,1,1,1,0,6,proceed,cancel,2024-11-08 19:22:35.000,,3,3,1,0,2,2024-11-08 17:34:44,2024,11
548,24,INC50185734,"166,126,616",121,"5,759,423,830","-99,999","-99,999","572,556,054",6,3,0,0,1,1,0,4,proceed,cancel,,,3,3,1,0,2,2024-11-08 21:56:16,2024,11
1,31,INC50183402,"166,126,616","-99,999","6,928,081,243","-99,999","-99,999","-99,999",10,3,0,0,0,0,0,3,proceed,cancel,,,3,3,1,0,2,2024-11-08 17:09:58,2024,11
8,24,INC50184493,"266,226,194",121,"6,817,329,706","6,817,329,706","103,830,082","569,285,183",7,3,0,0,1,1,0,6,proceed,cancel,2024-11-08 19:14:36.000,,3,3,1,0,2,2024-11-08 19:12:34,2024,11
4,31,INC50183818,"266,226,194",52,"6,867,816,819","-99,999","-99,999","569,354,765",7,3,0,0,1,0,0,8,proceed,cancel,,,3,3,1,0,2,2024-11-08 17:58:09,2024,11
8,24,INC50184207,"166,126,616",121,"6,942,942,607","5,802,727,114","52,728,393","215,117,249",10,3,0,0,1,0,0,7,proceed,cancel,2024-11-09 01:50:36.000,,3,3,1,0,2,2024-11-08 18:42:37,2024,11
8,24,INC50183363,"266,226,194",51,"6,817,329,706","6,817,329,706","103,830,082","627,899,114",2,3,0,0,1,1,0,5,proceed,cancel,2024-11-08 17:12:49.000,,3,3,1,0,2,2024-11-08 17:05:40,2024,11
6,31,INC50181306,"266,226,194",16,"6,817,330,101","6,817,330,101","103,830,082","615,581,948",6,3,0,0,1,1,0,12,proceed,cancel,2024-11-08 14:47:59.000,2024-11-08 14:47:59.000,3,3,1,0,2,2024-11-08 14:00:16,2024,11
8,24,INC50181857,"266,226,194",121,"6,313,447,475","6,313,447,475","103,974,889","569,361,340",6,3,0,1,0,1,0,6,proceed,cancel,2024-11-08 15:30:04.000,,3,3,1,0,2,2024-11-08 14:49:56,2024,11
8,31,INC50185849,"266,226,194",122,"3,790,156,078","5,802,967,307","103,974,889","569,255,282",10,3,0,1,0,0,0,3,proceed,cancel,2024-11-08 23:23:09.000,,3,3,1,0,2,2024-11-08 22:15:19,2024,11
8,24,INC50184836,"266,226,194",121,"6,264,845,105","6,264,845,105","103,974,889","615,542,626",6,3,0,1,0,1,0,5,proceed,cancel,2024-11-08 19:54:17.000,,3,3,1,0,2,2024-11-08 19:50:19,2024,11
8,25,INC50181514,"266,226,194",63,"3,790,156,078","5,793,903,899","103,974,889","626,218,840",10,3,0,1,0,1,0,5,proceed,cancel,2024-11-08 14:25:11.000,,3,3,1,0,2,2024-11-08 14:22:19,2024,11
2,24,INC50186206,"166,126,616",51,"5,703,040,936","-99,999","-99,999","215,063,806",10,3,0,0,1,0,0,5,proceed,cancel,,,3,3,1,0,2,2024-11-08 23:30:34,2024,11
8,31,INC50183813,"166,126,616",122,"6,493,980,232","5,802,727,114","52,728,393","215,117,249",6,4,0,0,1,0,0,7,proceed,cancel,2024-11-09 01:53:01.000,,2,2,1,0,1,2024-11-08 17:57:49,2024,11
8,24,INC50182670,"166,126,616",121,"3,141,987,178","5,802,727,114","52,728,393","214,602,738",6,3,0,0,1,0,0,9,proceed,cancel,2024-11-09 01:54:37.000,,3,3,1,0,2,2024-11-08 16:02:13,2024,11
2,24,INC50185997,"166,126,616",121,"5,759,423,830","-99,999","-99,999","591,460,505",6,5,0,0,1,1,0,2,proceed,cancel,,,2,3,1,0,2,2024-11-08 22:37:51,2024,11
8,31,INC50184331,"166,126,616",16,"6,871,641,615","5,703,040,921","52,728,392","571,333,591",10,3,0,0,1,0,0,6,proceed,cancel,2024-11-08 20:59:26.000,,3,3,1,0,2,2024-11-08 18:53:33,2024,11
8,31,INC50185884,"266,226,194",122,"3,790,156,078","5,802,967,307","103,974,889","-99,999",10,3,0,1,0,0,0,5,proceed,cancel,2024-11-08 23:18:59.000,,3,3,1,0,2,2024-11-08 22:21:19,2024,11
6,24,INC50135200,"266,226,194",121,"6,737,115,314","6,737,115,314","103,974,889","569,480,995",6,3,0,1,0,1,0,13,proceed,cancel,2024-11-01 12:58:04.000,2024-11-05 08:16:29.000,3,3,1,0,2,2024-11-01 10:15:10,2024,11
6,24,INC50138831,"266,226,194",121,"6,313,447,475","6,313,447,475","103,974,889","569,296,391",6,3,0,1,2,1,0,17,proceed,cancel,2024-11-01 19:56:57.000,2024-11-05 08:16:35.000,3,3,1,0,2,2024-11-01 18:22:06,2024,11
6,24,INC50136545,"266,226,194",121,"3,790,156,078","6,313,447,475","103,974,889","569,435,068",4,3,0,1,0,1,0,12,proceed,cancel,2024-11-01 16:29:44.000,2024-11-05 08:16:32.000,3,3,1,0,2,2024-11-01 14:19:11,2024,11
4,31,INC50138929,"166,126,616",122,"5,936,352,761","-99,999","-99,999","571,323,435",10,3,0,0,1,0,0,3,proceed,cancel,,,3,3,1,0,2,2024-11-01 18:34:33,2024,11
1,31,INC50138356,"166,126,616",122,"3,790,156,078","-99,999","-99,999","-99,999",4,3,0,0,1,0,0,5,proceed,cancel,,,3,3,1,0,2,2024-11-01 17:35:29,2024,11
6,24,INC50135568,"266,226,194",121,"6,264,845,105","6,264,845,105","103,974,889","569,257,950",4,3,0,1,0,1,0,8,proceed,cancel,2024-11-01 12:59:07.000,2024-11-05 08:16:31.000,3,3,1,0,2,2024-11-01 12:12:22,2024,11
8,31,INC50137809,"166,126,616",122,"6,928,081,236","6,059,124,548","79,181,792","572,649,035",10,3,0,0,1,0,0,10,proceed,cancel,2024-11-01 17:28:52.000,,3,3,1,0,2,2024-11-01 16:42:29,2024,11
1,31,INC50139519,"166,126,616","-99,999","-99,999","-99,999","-99,999","-99,999",10,3,0,0,1,0,0,2,proceed,cancel,,,3,3,1,0,2,2024-11-01 19:51:29,2024,11
6,24,INC50135541,"266,226,194",121,"6,313,447,475","6,313,447,475","103,974,889","569,276,714",6,3,0,1,0,1,0,8,proceed,cancel,2024-11-01 12:19:06.000,2024-11-05 08:16:30.000,3,3,1,0,2,2024-11-01 12:06:57,2024,11
8,24,INC50140279,"166,126,616",121,"5,759,423,830","5,703,040,921","52,728,392","591,460,505",6,5,0,0,1,1,0,4,proceed,cancel,2024-11-02 14:22:36.000,,2,3,1,0,2,2024-11-01 23:12:30,2024,11
6,25,INC50137655,"266,226,194",63,"6,264,845,105","6,264,845,105","103,974,889","600,387,423",6,3,0,1,0,1,0,5,proceed,cancel,2024-11-01 16:20:32.000,2024-11-05 08:16:34.000,3,3,1,0,2,2024-11-01 16:19:56,2024,11
6,24,INC50137973,"266,226,194",121,"6,313,447,475","6,817,331,932","103,830,084","569,296,391",6,3,0,1,4,1,0,21,proceed,cancel,2024-11-02 19:09:04.000,2024-11-06 07:56:10.000,3,3,1,1,2,2024-11-01 17:02:11,2024,11
2,24,INC50171936,"266,226,194",27,"3,790,156,078","-99,999","-99,999","-99,999",10,3,0,0,1,0,0,5,proceed,cancel,,,3,3,1,0,2,2024-11-07 09:13:44,2024,11
8,25,INC50175977,"266,226,194",63,"7,002,289,134","7,002,289,134","103,974,889","569,276,714",6,3,0,1,0,1,0,5,proceed,cancel,2024-11-07 18:07:11.000,,3,3,1,0,2,2024-11-07 18:00:57,2024,11
8,31,INC50175046,"266,226,194",16,"6,817,331,932","6,817,331,932","103,830,084","569,319,384",2,3,0,1,1,1,0,4,proceed,cancel,2024-11-07 16:37:24.000,,3,3,1,0,2,2024-11-07 16:36:43,2024,11
8,31,INC50178030,"266,226,194",122,"6,953,070,621","5,802,967,307","103,974,889","569,455,172",4,3,0,1,0,0,0,7,proceed,cancel,2024-11-08 22:30:26.000,,3,3,1,0,2,2024-11-07 21:34:02,2024,11
2,31,INC50176441,"166,126,616",122,"5,703,039,512","-99,999","-99,999","414,111,943",10,3,0,0,2,0,0,3,proceed,cancel,,,3,3,1,0,2,2024-11-07 18:48:25,2024,11
8,31,INC50177659,"266,226,194",52,"6,867,816,819","6,867,816,819","103,830,082","615,581,948",7,3,0,1,1,1,0,6,proceed,cancel,2024-11-08 16:07:56.000,,3,3,1,0,2,2024-11-07 20:47:17,2024,11
8,24,INC50178364,"266,226,194",121,"5,802,967,307","5,802,967,307","103,974,889","569,469,943",6,3,0,1,0,1,0,3,proceed,cancel,2024-11-07 23:03:05.000,,3,3,1,0,2,2024-11-07 22:35:30,2024,11
8,24,INC50176056,"166,126,616",121,"6,207,660,940","5,796,265,319","52,728,393","215,117,249",10,3,0,0,1,0,0,7,proceed,cancel,2024-11-07 18:55:26.000,,3,3,1,0,2,2024-11-07 18:10:30,2024,11
2,31,INC50178817,"166,126,616",122,"6,942,942,550","-99,999","-99,999","215,117,249",10,3,0,0,1,0,0,7,proceed,cancel,,,3,3,1,0,2,2024-11-08 00:48:00,2024,11
2,31,INC50177725,"166,126,616",52,"6,026,174,636","-99,999","-99,999","571,402,123",10,3,0,0,1,0,0,5,proceed,cancel,,,3,3,1,0,2,2024-11-07 20:52:28,2024,11
8,31,INC50174675,"266,226,194",52,"6,867,816,819","6,867,816,819","103,830,082","569,257,950",7,3,0,1,1,1,0,7,proceed,cancel,2024-11-08 13:11:33.000,,3,3,1,0,2,2024-11-07 16:06:01,2024,11
8,24,INC50174461,"266,226,194",51,"6,867,816,743","6,867,816,743","103,830,082","569,247,137",7,3,0,1,1,1,0,5,proceed,cancel,2024-11-07 15:47:23.000,,3,3,1,0,2,2024-11-07 15:46:41,2024,11
2,31,INC50178395,"166,126,616",122,"6,986,115,708","-99,999","-99,999","-99,999",10,3,0,0,2,0,0,5,proceed,cancel,,,3,3,1,0,2,2024-11-07 22:45:28,2024,11
8,24,INC50178767,"266,226,194",121,"5,802,967,307","5,802,967,307","103,974,889","569,272,812",6,3,0,1,0,1,0,6,proceed,cancel,2024-11-08 22:41:13.000,,3,3,1,0,2,2024-11-08 00:26:52,2024,11
8,31,INC50179027,"166,126,616",16,"6,842,456,985","6,842,456,985","52,729,432","571,333,591",6,3,0,1,0,0,0,2,proceed,cancel,2024-11-08 03:04:15.000,,3,3,1,0,2,2024-11-08 03:02:49,2024,11
8,31,INC50182155,"266,226,194",122,"6,867,816,819","6,867,816,819","103,830,082","569,354,337",7,3,0,1,1,1,0,6,proceed,cancel,2024-11-08 19:40:08.000,,3,3,1,0,2,2024-11-08 15:17:22,2024,11
8,24,INC50177606,"266,226,194",121,"6,867,816,743","6,867,816,743","103,830,082","569,280,921",7,3,0,1,1,1,0,5,proceed,cancel,2024-11-07 20:43:28.000,,3,3,1,0,2,2024-11-07 20:42:52,2024,11
2,24,INC50175828,"166,126,616",121,"5,767,477,120","-99,999","-99,999","215,060,468",10,3,0,0,2,0,0,5,proceed,cancel,,,3,3,1,0,2,2024-11-07 17:45:16,2024,11
3,24,INC50178442,"166,126,616",121,"6,860,124,888","-99,999","-99,999","636,731,532",10,3,0,0,1,1,0,11,proceed,cancel,,,3,3,1,0,2,2024-11-07 22:49:05,2024,11
8,24,INC50177057,"266,226,194",121,"6,264,845,105","6,264,845,105","103,974,889","569,288,150",6,3,0,0,0,1,0,11,proceed,cancel,2024-11-08 12:26:01.000,,3,3,1,0,2,2024-11-07 19:44:17,2024,11
4,24,INC50173727,"266,226,194",121,"3,790,156,078","-99,999","-99,999","640,494,710",10,3,0,0,1,1,0,19,proceed,cancel,,,3,3,1,0,2,2024-11-07 14:29:04,2024,11
8,31,INC50175677,"266,226,194",122,"3,790,156,078","6,264,845,105","103,974,889","569,277,779",10,3,0,1,0,1,0,15,proceed,cancel,2024-11-08 12:09:09.000,,3,3,1,0,2,2024-11-07 17:29:59,2024,11
8,31,INC50177496,"166,126,616",122,"5,703,041,285","5,796,265,319","52,728,393","-99,999",10,3,0,0,1,0,0,7,proceed,cancel,2024-11-07 22:26:37.000,,3,3,1,0,2,2024-11-07 20:32:07,2024,11
8,31,INC50178728,"166,126,616",16,"6,343,571,534","6,343,571,534","52,729,432","571,333,591",6,3,0,1,0,0,0,3,proceed,cancel,2024-11-08 00:16:19.000,,3,3,1,0,2,2024-11-08 00:12:26,2024,11
8,31,INC50175849,"266,226,194",16,"6,817,331,932","6,817,331,932","103,830,084","569,327,093",2,3,0,1,1,1,0,4,proceed,cancel,2024-11-07 17:47:25.000,,3,3,1,0,2,2024-11-07 17:46:51,2024,11
8,31,INC50175916,"266,226,194",52,"6,867,816,819","6,867,816,819","103,830,082","569,423,677",7,3,0,0,1,1,0,6,proceed,cancel,2024-11-07 19:07:57.000,,3,3,1,0,2,2024-11-07 17:53:09,2024,11
8,25,INC50177073,"266,226,194",63,"6,247,695,725","6,247,695,725","103,974,889","569,255,098",6,3,0,1,0,1,0,3,proceed,cancel,2024-11-07 19:46:28.000,,3,3,1,0,2,2024-11-07 19:45:21,2024,11
9,24,INC50179006,"266,226,194",121,"5,802,967,307","-99,999","-99,999","615,542,626",6,3,0,0,1,1,0,12,proceed,cancel,,,3,3,1,0,2,2024-11-08 02:46:35,2024,11
8,24,INC50178539,"166,126,616",121,"6,842,456,985","6,842,456,985","52,729,432","215,117,249",6,3,0,1,0,0,0,2,proceed,cancel,2024-11-07 23:21:06.000,,3,3,1,0,2,2024-11-07 23:16:21,2024,11
8,31,INC50168719,"266,226,194",122,"6,867,816,819","6,817,328,779","103,830,082","615,581,948",7,3,0,0,1,1,0,6,proceed,cancel,2024-11-06 18:31:45.000,,3,3,1,0,2,2024-11-06 18:27:57,2024,11
8,31,INC50168838,"266,226,194",122,"3,790,156,078","6,975,303,858","103,830,082","569,255,282",4,3,0,1,1,0,0,14,proceed,cancel,2024-11-06 20:56:42.000,,3,3,1,0,2,2024-11-06 18:39:22,2024,11
2,31,INC50168047,"166,126,616",122,"6,819,803,598","-99,999","-99,999","576,164,409",10,3,0,0,1,0,0,5,proceed,cancel,,,3,3,1,0,2,2024-11-06 17:20:59,2024,11
8,24,INC50168377,"166,126,616",121,"541,413","541,413","52,729,432","571,456,192",6,3,0,1,0,0,0,3,proceed,cancel,2024-11-06 17:58:01.000,,3,3,1,0,2,2024-11-06 17:53:45,2024,11
8,31,INC50170909,"166,126,616",122,"6,278,127,827","5,703,040,455","52,728,392","572,641,182",10,3,0,0,1,0,0,8,proceed,cancel,2024-11-07 21:14:09.000,,3,3,1,0,2,2024-11-06 23:39:58,2024,11
8,31,INC50176961,"266,226,194",16,"7,002,289,134","7,002,289,134","103,974,889","569,435,003",6,3,0,1,0,1,0,5,proceed,cancel,2024-11-07 19:53:43.000,,3,3,1,0,2,2024-11-07 19:37:29,2024,11
8,24,INC50173447,"266,226,194",121,"7,002,289,134","6,867,816,819","103,830,082","569,361,586",6,3,0,1,1,1,0,14,proceed,cancel,2024-11-08 13:12:05.000,,3,3,1,0,2,2024-11-07 14:00:56,2024,11
8,24,INC50177595,"266,226,194",121,"6,247,695,725","6,817,328,779","103,830,082","569,296,391",6,3,0,0,1,1,0,13,proceed,cancel,2024-11-07 21:30:43.000,,3,3,1,0,2,2024-11-07 20:41:03,2024,11
8,24,INC50178337,"166,126,616",121,"6,842,456,985","6,842,456,985","52,729,432","561,183,411",6,3,0,1,0,0,0,2,proceed,cancel,2024-11-07 22:34:31.000,,3,3,1,0,2,2024-11-07 22:28:44,2024,11
8,31,INC50176078,"266,226,194",52,"6,867,816,819","6,867,816,819","103,830,082","569,354,337",7,3,0,0,1,1,0,5,proceed,cancel,2024-11-08 15:05:32.000,,3,3,1,0,2,2024-11-07 18:12:59,2024,11
8,31,INC50175737,"266,226,194",122,"3,790,156,078","6,264,845,105","103,974,889","569,396,495",10,3,0,1,0,1,0,15,proceed,cancel,2024-11-08 12:10:13.000,,3,3,1,0,2,2024-11-07 17:36:08,2024,11
8,24,INC50174327,"166,126,616",121,"3,141,987,178","6,770,881,793","52,728,392","215,060,468",6,3,0,0,1,0,0,13,proceed,cancel,2024-11-07 16:24:15.000,,3,3,1,0,2,2024-11-07 15:30:48,2024,11
8,31,INC50173322,"266,226,194",16,"6,817,331,932","6,817,331,932","103,830,084","569,327,093",2,3,0,1,1,1,0,5,proceed,cancel,2024-11-07 13:49:10.000,,3,3,1,0,2,2024-11-07 13:48:31,2024,11
8,24,INC50169727,"266,226,194",121,"6,867,816,743","6,867,816,743","103,830,082","569,277,779",7,3,0,1,1,1,0,6,proceed,cancel,2024-11-06 20:19:17.000,,3,3,1,0,2,2024-11-06 20:15:42,2024,11
8,24,INC50168791,"166,126,616",121,"5,703,039,004","5,802,727,114","52,728,393","215,157,251",10,3,0,0,1,0,0,5,proceed,cancel,2024-11-09 02:05:13.000,,3,3,1,0,2,2024-11-06 18:34:42,2024,11
8,24,INC50166687,"266,226,194",51,"6,247,695,725","6,867,816,819","103,830,082","569,316,741",6,3,0,1,1,1,0,7,proceed,cancel,2024-11-07 18:20:56.000,,3,3,1,0,2,2024-11-06 15:25:59,2024,11
4,24,INC50169581,"166,126,616",51,"6,278,127,787","-99,999","-99,999","413,999,531",10,3,0,0,0,1,0,6,proceed,cancel,,,3,3,1,0,2,2024-11-06 19:56:56,2024,11
8,24,INC50170945,"166,126,616",121,"5,703,038,277","5,802,727,114","52,728,393","215,117,249",10,3,0,0,1,0,0,7,proceed,cancel,2024-11-09 02:04:15.000,,3,3,1,0,2,2024-11-06 23:48:01,2024,11
8,24,INC50168350,"166,126,616",51,"6,942,513,503","6,770,881,793","52,728,392","572,594,690",10,3,0,0,1,0,0,7,proceed,cancel,2024-11-08 22:58:41.000,,3,3,1,0,2,2024-11-06 17:50:36,2024,11
8,24,INC50144294,"166,126,616",27,"6,816,701,351","5,703,040,455","52,728,392","572,494,758",6,4,0,0,1,1,0,13,proceed,cancel,2024-11-04 13:56:57.000,,2,2,1,0,1,2024-11-03 15:03:30,2024,11
8,24,INC50144333,"166,126,616",51,"6,816,701,351","5,703,040,921","52,728,392","214,700,237",6,3,0,0,1,0,0,6,proceed,cancel,2024-11-04 14:14:35.000,,3,3,1,0,2,2024-11-03 15:21:29,2024,11
8,24,INC50144014,"166,126,616",121,"5,788,661,775","6,278,128,117","87,971,197","215,137,248",10,3,0,0,1,1,0,10,proceed,cancel,2024-11-05 14:44:35.000,,3,3,1,0,2,2024-11-03 12:02:05,2024,11
8,31,INC50144444,"166,126,616",122,"6,913,617,004","6,913,617,004","52,729,432","215,117,249",6,3,0,1,0,0,0,2,proceed,cancel,2024-11-03 16:31:07.000,,3,3,1,0,2,2024-11-03 16:19:14,2024,11
2,24,INC50144013,"166,126,616",51,"5,788,661,775","-99,999","-99,999","214,700,237",10,3,0,0,2,0,0,4,proceed,cancel,,,3,3,1,0,2,2024-11-03 12:02:00,2024,11
8,31,INC50148182,"166,126,616",16,"6,493,980,232","6,493,980,232","52,729,432","571,456,192",6,3,0,1,0,0,0,6,proceed,cancel,2024-11-04 15:13:11.000,,3,3,1,0,2,2024-11-04 14:44:02,2024,11
8,31,INC50140608,"166,126,616",122,"6,819,803,637","5,703,040,455","52,728,392","-99,999",10,3,0,0,1,0,0,8,proceed,cancel,2024-11-04 19:44:24.000,,3,3,1,0,2,2024-11-02 01:35:00,2024,11
6,24,INC50139517,"266,226,194",121,"6,313,447,475","6,313,447,475","103,974,889","569,273,157",6,3,0,1,0,0,0,18,proceed,cancel,2024-11-01 20:32:05.000,2024-11-05 08:16:36.000,3,3,1,0,2,2024-11-01 19:51:16,2024,11
8,24,INC50165435,"266,226,194",121,"6,247,695,725","6,247,695,725","103,974,889","615,682,432",6,3,0,1,0,1,0,3,proceed,cancel,2024-11-06 13:46:36.000,,3,3,1,0,2,2024-11-06 13:37:26,2024,11
8,31,INC50169473,"266,226,194",16,"7,002,289,134","7,002,289,134","103,974,889","615,542,626",6,3,0,1,0,1,0,4,proceed,cancel,2024-11-06 20:02:42.000,,3,3,1,0,2,2024-11-06 19:46:34,2024,11
8,24,INC50167597,"166,126,616",121,"3,141,987,178","3,141,987,178","52,729,432","572,633,435",6,3,0,1,0,1,0,3,proceed,cancel,2024-11-06 16:49:39.000,,3,3,1,0,2,2024-11-06 16:41:54,2024,11
2,24,INC50168949,"166,126,616",121,"3,141,987,178","-99,999","-99,999","572,556,054",6,3,0,0,0,1,0,1,proceed,cancel,,,3,3,1,0,2,2024-11-06 18:52:46,2024,11
8,24,INC50170661,"266,226,194",121,"6,817,329,706","6,817,329,706","103,830,082","569,276,714",10,3,0,0,1,1,0,5,proceed,cancel,2024-11-06 22:38:14.000,,3,3,1,0,2,2024-11-06 22:37:02,2024,11
8,24,INC50170688,"266,226,194",121,"6,817,329,706","6,817,329,706","103,830,082","569,255,282",10,3,0,0,1,0,0,4,proceed,cancel,2024-11-06 22:44:15.000,,3,3,1,0,2,2024-11-06 22:43:23,2024,11
8,31,INC50166971,"266,226,194",16,"6,817,331,932","6,817,331,932","103,830,084","569,327,093",10,3,0,1,1,1,0,5,proceed,cancel,2024-11-06 15:53:27.000,,3,3,1,0,2,2024-11-06 15:52:39,2024,11
8,31,INC50168613,"266,226,194",16,"7,002,289,134","7,002,289,134","103,974,889","569,435,003",6,3,0,1,0,1,0,8,proceed,cancel,2024-11-06 18:28:08.000,,3,3,1,0,2,2024-11-06 18:17:58,2024,11
